run_id;algorithm;instance_id;instance_path;graph;n;k;m;density;instance_seed;algorithm_seed;budget;iteration;time_ms;current_cost;best_cost;avg_cost;std_cost;note
0014_ea_general_inst03_chordal_n60_k8_d065_s1003_s1042;ea_general;inst03_chordal_n60_k8_d065_s1003;experiments\20260618_124336_best_configs\instances\inst03_chordal_n60_k8_d065_s1003.txt;chordal;60;8;148;0.65;1003;1042;50000;0;15;64536;64536;189284.11;52045.76569;init
0014_ea_general_inst03_chordal_n60_k8_d065_s1003_s1042;ea_general;inst03_chordal_n60_k8_d065_s1003;experiments\20260618_124336_best_configs\instances\inst03_chordal_n60_k8_d065_s1003.txt;chordal;60;8;148;0.65;1003;1042;50000;1;23;64326;64326;158171.78;42100.3127;generation
0014_ea_general_inst03_chordal_n60_k8_d065_s1003_s1042;ea_general;inst03_chordal_n60_k8_d065_s1003;experiments\20260618_124336_best_configs\instances\inst03_chordal_n60_k8_d065_s1003.txt;chordal;60;8;148;0.65;1003;1042;50000;2;29;64326;64326;143539.32;40749.54923;generation
0014_ea_general_inst03_chordal_n60_k8_d065_s1003_s1042;ea_general;inst03_chordal_n60_k8_d065_s1003;experiments\20260618_124336_best_configs\instances\inst03_chordal_n60_k8_d065_s1003.txt;chordal;60;8;148;0.65;1003;1042;50000;3;40;51705;51705;134941.035;38757.08887;generation
0014_ea_general_inst03_chordal_n60_k8_d065_s1003_s1042;ea_general;inst03_chordal_n60_k8_d065_s1003;experiments\20260618_124336_best_configs\instances\inst03_chordal_n60_k8_d065_s1003.txt;chordal;60;8;148;0.65;1003;1042;50000;4;50;51647;51647;126268.895;38310.67932;generation
0014_ea_general_inst03_chordal_n60_k8_d065_s1003_s1042;ea_general;inst03_chordal_n60_k8_d065_s1003;experiments\20260618_124336_best_configs\instances\inst03_chordal_n60_k8_d065_s1003.txt;chordal;60;8;148;0.65;1003;1042;50000;5;56;51341;51341;120014.825;39590.97512;generation
0014_ea_general_inst03_chordal_n60_k8_d065_s1003_s1042;ea_general;inst03_chordal_n60_k8_d065_s1003;experiments\20260618_124336_best_configs\instances\inst03_chordal_n60_k8_d065_s1003.txt;chordal;60;8;148;0.65;1003;1042;50000;6;62;39031;39031;115360.76;39263.0208;generation
0014_ea_general_inst03_chordal_n60_k8_d065_s1003_s1042;ea_general;inst03_chordal_n60_k8_d065_s1003;experiments\20260618_124336_best_configs\instances\inst03_chordal_n60_k8_d065_s1003.txt;chordal;60;8;148;0.65;1003;1042;50000;7;73;25846;25846;103627.21;39245.15183;generation
0014_ea_general_inst03_chordal_n60_k8_d065_s1003_s1042;ea_general;inst03_chordal_n60_k8_d065_s1003;experiments\20260618_124336_best_configs\instances\inst03_chordal_n60_k8_d065_s1003.txt;chordal;60;8;148;0.65;1003;1042;50000;8;84;25846;25846;95654.155;37146.32278;generation
0014_ea_general_inst03_chordal_n60_k8_d065_s1003_s1042;ea_general;inst03_chordal_n60_k8_d065_s1003;experiments\20260618_124336_best_configs\instances\inst03_chordal_n60_k8_d065_s1003.txt;chordal;60;8;148;0.65;1003;1042;50000;9;95;13424;13424;88563.64;32167.62894;generation
0014_ea_general_inst03_chordal_n60_k8_d065_s1003_s1042;ea_general;inst03_chordal_n60_k8_d065_s1003;experiments\20260618_124336_best_configs\instances\inst03_chordal_n60_k8_d065_s1003.txt;chordal;60;8;148;0.65;1003;1042;50000;10;108;13314;13314;84532.665;31132.25294;generation
0014_ea_general_inst03_chordal_n60_k8_d065_s1003_s1042;ea_general;inst03_chordal_n60_k8_d065_s1003;experiments\20260618_124336_best_configs\instances\inst03_chordal_n60_k8_d065_s1003.txt;chordal;60;8;148;0.65;1003;1042;50000;11;118;13232;13232;76493.83;31494.15465;generation
0014_ea_general_inst03_chordal_n60_k8_d065_s1003_s1042;ea_general;inst03_chordal_n60_k8_d065_s1003;experiments\20260618_124336_best_configs\instances\inst03_chordal_n60_k8_d065_s1003.txt;chordal;60;8;148;0.65;1003;1042;50000;12;127;518;518;65883.735;32532.52441;generation
0014_ea_general_inst03_chordal_n60_k8_d065_s1003_s1042;ea_general;inst03_chordal_n60_k8_d065_s1003;experiments\20260618_124336_best_configs\instances\inst03_chordal_n60_k8_d065_s1003.txt;chordal;60;8;148;0.65;1003;1042;50000;13;136;465;465;60736.795;27621.57248;generation
0014_ea_general_inst03_chordal_n60_k8_d065_s1003_s1042;ea_general;inst03_chordal_n60_k8_d065_s1003;experiments\20260618_124336_best_configs\instances\inst03_chordal_n60_k8_d065_s1003.txt;chordal;60;8;148;0.65;1003;1042;50000;14;151;465;465;55892.47;25756.3193;generation
0014_ea_general_inst03_chordal_n60_k8_d065_s1003_s1042;ea_general;inst03_chordal_n60_k8_d065_s1003;experiments\20260618_124336_best_configs\instances\inst03_chordal_n60_k8_d065_s1003.txt;chordal;60;8;148;0.65;1003;1042;50000;15;165;465;465;45810.72;27021.65973;generation
0014_ea_general_inst03_chordal_n60_k8_d065_s1003_s1042;ea_general;inst03_chordal_n60_k8_d065_s1003;experiments\20260618_124336_best_configs\instances\inst03_chordal_n60_k8_d065_s1003.txt;chordal;60;8;148;0.65;1003;1042;50000;16;176;435;435;36458.35;21637.45103;generation
0014_ea_general_inst03_chordal_n60_k8_d065_s1003_s1042;ea_general;inst03_chordal_n60_k8_d065_s1003;experiments\20260618_124336_best_configs\instances\inst03_chordal_n60_k8_d065_s1003.txt;chordal;60;8;148;0.65;1003;1042;50000;17;187;435;435;33590.885;20933.31457;generation
0014_ea_general_inst03_chordal_n60_k8_d065_s1003_s1042;ea_general;inst03_chordal_n60_k8_d065_s1003;experiments\20260618_124336_best_configs\instances\inst03_chordal_n60_k8_d065_s1003.txt;chordal;60;8;148;0.65;1003;1042;50000;18;198;241;241;32535.175;20443.56623;generation
0014_ea_general_inst03_chordal_n60_k8_d065_s1003_s1042;ea_general;inst03_chordal_n60_k8_d065_s1003;experiments\20260618_124336_best_configs\instances\inst03_chordal_n60_k8_d065_s1003.txt;chordal;60;8;148;0.65;1003;1042;50000;19;210;241;241;26966.82;18180.17486;generation
0014_ea_general_inst03_chordal_n60_k8_d065_s1003_s1042;ea_general;inst03_chordal_n60_k8_d065_s1003;experiments\20260618_124336_best_configs\instances\inst03_chordal_n60_k8_d065_s1003.txt;chordal;60;8;148;0.65;1003;1042;50000;20;224;104;104;23213.485;18570.14815;generation
0014_ea_general_inst03_chordal_n60_k8_d065_s1003_s1042;ea_general;inst03_chordal_n60_k8_d065_s1003;experiments\20260618_124336_best_configs\instances\inst03_chordal_n60_k8_d065_s1003.txt;chordal;60;8;148;0.65;1003;1042;50000;21;235;104;104;17134.595;15142.30686;generation
0014_ea_general_inst03_chordal_n60_k8_d065_s1003_s1042;ea_general;inst03_chordal_n60_k8_d065_s1003;experiments\20260618_124336_best_configs\instances\inst03_chordal_n60_k8_d065_s1003.txt;chordal;60;8;148;0.65;1003;1042;50000;22;247;104;104;18064.055;16148.8895;generation
0014_ea_general_inst03_chordal_n60_k8_d065_s1003_s1042;ea_general;inst03_chordal_n60_k8_d065_s1003;experiments\20260618_124336_best_configs\instances\inst03_chordal_n60_k8_d065_s1003.txt;chordal;60;8;148;0.65;1003;1042;50000;23;261;104;104;15173.825;14684.17258;generation
0014_ea_general_inst03_chordal_n60_k8_d065_s1003_s1042;ea_general;inst03_chordal_n60_k8_d065_s1003;experiments\20260618_124336_best_configs\instances\inst03_chordal_n60_k8_d065_s1003.txt;chordal;60;8;148;0.65;1003;1042;50000;24;276;104;104;12524.965;13171.4784;generation
0014_ea_general_inst03_chordal_n60_k8_d065_s1003_s1042;ea_general;inst03_chordal_n60_k8_d065_s1003;experiments\20260618_124336_best_configs\instances\inst03_chordal_n60_k8_d065_s1003.txt;chordal;60;8;148;0.65;1003;1042;50000;25;288;104;104;11213.26;11225.26484;generation
0014_ea_general_inst03_chordal_n60_k8_d065_s1003_s1042;ea_general;inst03_chordal_n60_k8_d065_s1003;experiments\20260618_124336_best_configs\instances\inst03_chordal_n60_k8_d065_s1003.txt;chordal;60;8;148;0.65;1003;1042;50000;26;298;104;104;10716.11;13424.46941;generation
0014_ea_general_inst03_chordal_n60_k8_d065_s1003_s1042;ea_general;inst03_chordal_n60_k8_d065_s1003;experiments\20260618_124336_best_configs\instances\inst03_chordal_n60_k8_d065_s1003.txt;chordal;60;8;148;0.65;1003;1042;50000;27;309;100;100;9403.82;11113.41651;generation
0014_ea_general_inst03_chordal_n60_k8_d065_s1003_s1042;ea_general;inst03_chordal_n60_k8_d065_s1003;experiments\20260618_124336_best_configs\instances\inst03_chordal_n60_k8_d065_s1003.txt;chordal;60;8;148;0.65;1003;1042;50000;28;323;94;94;11199.04;12219.63796;generation
0014_ea_general_inst03_chordal_n60_k8_d065_s1003_s1042;ea_general;inst03_chordal_n60_k8_d065_s1003;experiments\20260618_124336_best_configs\instances\inst03_chordal_n60_k8_d065_s1003.txt;chordal;60;8;148;0.65;1003;1042;50000;29;339;94;94;10209.71;11931.68998;generation
0014_ea_general_inst03_chordal_n60_k8_d065_s1003_s1042;ea_general;inst03_chordal_n60_k8_d065_s1003;experiments\20260618_124336_best_configs\instances\inst03_chordal_n60_k8_d065_s1003.txt;chordal;60;8;148;0.65;1003;1042;50000;30;354;94;94;9794.795;11189.66017;generation
0014_ea_general_inst03_chordal_n60_k8_d065_s1003_s1042;ea_general;inst03_chordal_n60_k8_d065_s1003;experiments\20260618_124336_best_configs\instances\inst03_chordal_n60_k8_d065_s1003.txt;chordal;60;8;148;0.65;1003;1042;50000;31;367;83;83;9129.62;11366.08763;generation
0014_ea_general_inst03_chordal_n60_k8_d065_s1003_s1042;ea_general;inst03_chordal_n60_k8_d065_s1003;experiments\20260618_124336_best_configs\instances\inst03_chordal_n60_k8_d065_s1003.txt;chordal;60;8;148;0.65;1003;1042;50000;32;381;83;83;8644.12;10173.13789;generation
0014_ea_general_inst03_chordal_n60_k8_d065_s1003_s1042;ea_general;inst03_chordal_n60_k8_d065_s1003;experiments\20260618_124336_best_configs\instances\inst03_chordal_n60_k8_d065_s1003.txt;chordal;60;8;148;0.65;1003;1042;50000;33;395;74;74;7331.31;9860.260889;generation
0014_ea_general_inst03_chordal_n60_k8_d065_s1003_s1042;ea_general;inst03_chordal_n60_k8_d065_s1003;experiments\20260618_124336_best_configs\instances\inst03_chordal_n60_k8_d065_s1003.txt;chordal;60;8;148;0.65;1003;1042;50000;34;409;74;74;6217.33;7763.457301;generation
0014_ea_general_inst03_chordal_n60_k8_d065_s1003_s1042;ea_general;inst03_chordal_n60_k8_d065_s1003;experiments\20260618_124336_best_configs\instances\inst03_chordal_n60_k8_d065_s1003.txt;chordal;60;8;148;0.65;1003;1042;50000;35;422;70;70;6709.69;9117.875682;generation
0014_ea_general_inst03_chordal_n60_k8_d065_s1003_s1042;ea_general;inst03_chordal_n60_k8_d065_s1003;experiments\20260618_124336_best_configs\instances\inst03_chordal_n60_k8_d065_s1003.txt;chordal;60;8;148;0.65;1003;1042;50000;36;435;65;65;5354.95;8684.931433;generation
0014_ea_general_inst03_chordal_n60_k8_d065_s1003_s1042;ea_general;inst03_chordal_n60_k8_d065_s1003;experiments\20260618_124336_best_configs\instances\inst03_chordal_n60_k8_d065_s1003.txt;chordal;60;8;148;0.65;1003;1042;50000;37;451;61;61;5789.175;8442.597843;generation
0014_ea_general_inst03_chordal_n60_k8_d065_s1003_s1042;ea_general;inst03_chordal_n60_k8_d065_s1003;experiments\20260618_124336_best_configs\instances\inst03_chordal_n60_k8_d065_s1003.txt;chordal;60;8;148;0.65;1003;1042;50000;38;465;54;54;5972.35;8925.854213;generation
0014_ea_general_inst03_chordal_n60_k8_d065_s1003_s1042;ea_general;inst03_chordal_n60_k8_d065_s1003;experiments\20260618_124336_best_configs\instances\inst03_chordal_n60_k8_d065_s1003.txt;chordal;60;8;148;0.65;1003;1042;50000;39;478;24;24;7306.105;10186.13996;generation
0014_ea_general_inst03_chordal_n60_k8_d065_s1003_s1042;ea_general;inst03_chordal_n60_k8_d065_s1003;experiments\20260618_124336_best_configs\instances\inst03_chordal_n60_k8_d065_s1003.txt;chordal;60;8;148;0.65;1003;1042;50000;40;490;24;24;6088;8560.014475;generation
0014_ea_general_inst03_chordal_n60_k8_d065_s1003_s1042;ea_general;inst03_chordal_n60_k8_d065_s1003;experiments\20260618_124336_best_configs\instances\inst03_chordal_n60_k8_d065_s1003.txt;chordal;60;8;148;0.65;1003;1042;50000;41;507;24;24;6719.465;9206.603528;generation
0014_ea_general_inst03_chordal_n60_k8_d065_s1003_s1042;ea_general;inst03_chordal_n60_k8_d065_s1003;experiments\20260618_124336_best_configs\instances\inst03_chordal_n60_k8_d065_s1003.txt;chordal;60;8;148;0.65;1003;1042;50000;42;520;24;24;5690.775;8439.394058;generation
0014_ea_general_inst03_chordal_n60_k8_d065_s1003_s1042;ea_general;inst03_chordal_n60_k8_d065_s1003;experiments\20260618_124336_best_configs\instances\inst03_chordal_n60_k8_d065_s1003.txt;chordal;60;8;148;0.65;1003;1042;50000;43;529;24;24;5556.85;7823.513344;generation
0014_ea_general_inst03_chordal_n60_k8_d065_s1003_s1042;ea_general;inst03_chordal_n60_k8_d065_s1003;experiments\20260618_124336_best_configs\instances\inst03_chordal_n60_k8_d065_s1003.txt;chordal;60;8;148;0.65;1003;1042;50000;44;539;24;24;5227.77;8385.607625;generation
0014_ea_general_inst03_chordal_n60_k8_d065_s1003_s1042;ea_general;inst03_chordal_n60_k8_d065_s1003;experiments\20260618_124336_best_configs\instances\inst03_chordal_n60_k8_d065_s1003.txt;chordal;60;8;148;0.65;1003;1042;50000;45;551;19;19;3942.515;7473.911594;generation
0014_ea_general_inst03_chordal_n60_k8_d065_s1003_s1042;ea_general;inst03_chordal_n60_k8_d065_s1003;experiments\20260618_124336_best_configs\instances\inst03_chordal_n60_k8_d065_s1003.txt;chordal;60;8;148;0.65;1003;1042;50000;46;564;19;19;3358.545;6909.81334;generation
0014_ea_general_inst03_chordal_n60_k8_d065_s1003_s1042;ea_general;inst03_chordal_n60_k8_d065_s1003;experiments\20260618_124336_best_configs\instances\inst03_chordal_n60_k8_d065_s1003.txt;chordal;60;8;148;0.65;1003;1042;50000;47;578;19;19;3032.79;6124.628527;generation
0014_ea_general_inst03_chordal_n60_k8_d065_s1003_s1042;ea_general;inst03_chordal_n60_k8_d065_s1003;experiments\20260618_124336_best_configs\instances\inst03_chordal_n60_k8_d065_s1003.txt;chordal;60;8;148;0.65;1003;1042;50000;48;593;19;19;2709.295;6951.220176;generation
0014_ea_general_inst03_chordal_n60_k8_d065_s1003_s1042;ea_general;inst03_chordal_n60_k8_d065_s1003;experiments\20260618_124336_best_configs\instances\inst03_chordal_n60_k8_d065_s1003.txt;chordal;60;8;148;0.65;1003;1042;50000;49;605;19;19;2514.45;5952.240649;generation
0014_ea_general_inst03_chordal_n60_k8_d065_s1003_s1042;ea_general;inst03_chordal_n60_k8_d065_s1003;experiments\20260618_124336_best_configs\instances\inst03_chordal_n60_k8_d065_s1003.txt;chordal;60;8;148;0.65;1003;1042;50000;50;612;19;19;3281.315;7228.196372;generation
0014_ea_general_inst03_chordal_n60_k8_d065_s1003_s1042;ea_general;inst03_chordal_n60_k8_d065_s1003;experiments\20260618_124336_best_configs\instances\inst03_chordal_n60_k8_d065_s1003.txt;chordal;60;8;148;0.65;1003;1042;50000;51;626;19;19;3281.1;7340.517211;generation
0014_ea_general_inst03_chordal_n60_k8_d065_s1003_s1042;ea_general;inst03_chordal_n60_k8_d065_s1003;experiments\20260618_124336_best_configs\instances\inst03_chordal_n60_k8_d065_s1003.txt;chordal;60;8;148;0.65;1003;1042;50000;52;640;19;19;2577.365;5993.475557;generation
0014_ea_general_inst03_chordal_n60_k8_d065_s1003_s1042;ea_general;inst03_chordal_n60_k8_d065_s1003;experiments\20260618_124336_best_configs\instances\inst03_chordal_n60_k8_d065_s1003.txt;chordal;60;8;148;0.65;1003;1042;50000;53;655;5;5;1811.9;5577.405265;generation
0014_ea_general_inst03_chordal_n60_k8_d065_s1003_s1042;ea_general;inst03_chordal_n60_k8_d065_s1003;experiments\20260618_124336_best_configs\instances\inst03_chordal_n60_k8_d065_s1003.txt;chordal;60;8;148;0.65;1003;1042;50000;54;662;5;5;2192.26;5438.980568;generation
0014_ea_general_inst03_chordal_n60_k8_d065_s1003_s1042;ea_general;inst03_chordal_n60_k8_d065_s1003;experiments\20260618_124336_best_configs\instances\inst03_chordal_n60_k8_d065_s1003.txt;chordal;60;8;148;0.65;1003;1042;50000;55;674;5;5;3151.47;7399.471228;generation
0014_ea_general_inst03_chordal_n60_k8_d065_s1003_s1042;ea_general;inst03_chordal_n60_k8_d065_s1003;experiments\20260618_124336_best_configs\instances\inst03_chordal_n60_k8_d065_s1003.txt;chordal;60;8;148;0.65;1003;1042;50000;56;685;5;5;2191.625;5584.614527;generation
0014_ea_general_inst03_chordal_n60_k8_d065_s1003_s1042;ea_general;inst03_chordal_n60_k8_d065_s1003;experiments\20260618_124336_best_configs\instances\inst03_chordal_n60_k8_d065_s1003.txt;chordal;60;8;148;0.65;1003;1042;50000;57;698;5;5;2763.525;6747.075751;generation
0014_ea_general_inst03_chordal_n60_k8_d065_s1003_s1042;ea_general;inst03_chordal_n60_k8_d065_s1003;experiments\20260618_124336_best_configs\instances\inst03_chordal_n60_k8_d065_s1003.txt;chordal;60;8;148;0.65;1003;1042;50000;58;712;5;5;3017.595;6636.557522;generation
0014_ea_general_inst03_chordal_n60_k8_d065_s1003_s1042;ea_general;inst03_chordal_n60_k8_d065_s1003;experiments\20260618_124336_best_configs\instances\inst03_chordal_n60_k8_d065_s1003.txt;chordal;60;8;148;0.65;1003;1042;50000;59;729;5;5;2822.635;7686.37556;generation
0014_ea_general_inst03_chordal_n60_k8_d065_s1003_s1042;ea_general;inst03_chordal_n60_k8_d065_s1003;experiments\20260618_124336_best_configs\instances\inst03_chordal_n60_k8_d065_s1003.txt;chordal;60;8;148;0.65;1003;1042;50000;60;742;5;5;2053.66;5487.369658;generation
0014_ea_general_inst03_chordal_n60_k8_d065_s1003_s1042;ea_general;inst03_chordal_n60_k8_d065_s1003;experiments\20260618_124336_best_configs\instances\inst03_chordal_n60_k8_d065_s1003.txt;chordal;60;8;148;0.65;1003;1042;50000;61;765;0;0;2179.33;6009.246657;generation
0014_ea_general_inst03_chordal_n60_k8_d065_s1003_s1042;ea_general;inst03_chordal_n60_k8_d065_s1003;experiments\20260618_124336_best_configs\instances\inst03_chordal_n60_k8_d065_s1003.txt;chordal;60;8;148;0.65;1003;1042;50000;62;780;0;0;3584.715;7894.643957;generation
0014_ea_general_inst03_chordal_n60_k8_d065_s1003_s1042;ea_general;inst03_chordal_n60_k8_d065_s1003;experiments\20260618_124336_best_configs\instances\inst03_chordal_n60_k8_d065_s1003.txt;chordal;60;8;148;0.65;1003;1042;50000;63;796;0;0;3072.79;7028.013877;generation
0014_ea_general_inst03_chordal_n60_k8_d065_s1003_s1042;ea_general;inst03_chordal_n60_k8_d065_s1003;experiments\20260618_124336_best_configs\instances\inst03_chordal_n60_k8_d065_s1003.txt;chordal;60;8;148;0.65;1003;1042;50000;64;807;0;0;2688.175;5938.375066;generation
0014_ea_general_inst03_chordal_n60_k8_d065_s1003_s1042;ea_general;inst03_chordal_n60_k8_d065_s1003;experiments\20260618_124336_best_configs\instances\inst03_chordal_n60_k8_d065_s1003.txt;chordal;60;8;148;0.65;1003;1042;50000;65;817;0;0;3901.62;7473.655287;generation
0014_ea_general_inst03_chordal_n60_k8_d065_s1003_s1042;ea_general;inst03_chordal_n60_k8_d065_s1003;experiments\20260618_124336_best_configs\instances\inst03_chordal_n60_k8_d065_s1003.txt;chordal;60;8;148;0.65;1003;1042;50000;66;827;0;0;3390.665;7394.103604;generation
0014_ea_general_inst03_chordal_n60_k8_d065_s1003_s1042;ea_general;inst03_chordal_n60_k8_d065_s1003;experiments\20260618_124336_best_configs\instances\inst03_chordal_n60_k8_d065_s1003.txt;chordal;60;8;148;0.65;1003;1042;50000;67;840;0;0;5627.185;8819.854557;generation
0014_ea_general_inst03_chordal_n60_k8_d065_s1003_s1042;ea_general;inst03_chordal_n60_k8_d065_s1003;experiments\20260618_124336_best_configs\instances\inst03_chordal_n60_k8_d065_s1003.txt;chordal;60;8;148;0.65;1003;1042;50000;68;853;0;0;6203.325;9388.307394;generation
0014_ea_general_inst03_chordal_n60_k8_d065_s1003_s1042;ea_general;inst03_chordal_n60_k8_d065_s1003;experiments\20260618_124336_best_configs\instances\inst03_chordal_n60_k8_d065_s1003.txt;chordal;60;8;148;0.65;1003;1042;50000;69;861;0;0;5369.085;8607.358984;generation
0014_ea_general_inst03_chordal_n60_k8_d065_s1003_s1042;ea_general;inst03_chordal_n60_k8_d065_s1003;experiments\20260618_124336_best_configs\instances\inst03_chordal_n60_k8_d065_s1003.txt;chordal;60;8;148;0.65;1003;1042;50000;70;871;0;0;5307.175;8600.092372;generation
0014_ea_general_inst03_chordal_n60_k8_d065_s1003_s1042;ea_general;inst03_chordal_n60_k8_d065_s1003;experiments\20260618_124336_best_configs\instances\inst03_chordal_n60_k8_d065_s1003.txt;chordal;60;8;148;0.65;1003;1042;50000;71;880;0;0;4987.065;7859.017543;generation
0014_ea_general_inst03_chordal_n60_k8_d065_s1003_s1042;ea_general;inst03_chordal_n60_k8_d065_s1003;experiments\20260618_124336_best_configs\instances\inst03_chordal_n60_k8_d065_s1003.txt;chordal;60;8;148;0.65;1003;1042;50000;72;891;0;0;4345.82;7608.595521;generation
0014_ea_general_inst03_chordal_n60_k8_d065_s1003_s1042;ea_general;inst03_chordal_n60_k8_d065_s1003;experiments\20260618_124336_best_configs\instances\inst03_chordal_n60_k8_d065_s1003.txt;chordal;60;8;148;0.65;1003;1042;50000;73;902;0;0;6265.03;8667.706233;generation
0014_ea_general_inst03_chordal_n60_k8_d065_s1003_s1042;ea_general;inst03_chordal_n60_k8_d065_s1003;experiments\20260618_124336_best_configs\instances\inst03_chordal_n60_k8_d065_s1003.txt;chordal;60;8;148;0.65;1003;1042;50000;74;909;0;0;5881.74;8933.515927;generation
0014_ea_general_inst03_chordal_n60_k8_d065_s1003_s1042;ea_general;inst03_chordal_n60_k8_d065_s1003;experiments\20260618_124336_best_configs\instances\inst03_chordal_n60_k8_d065_s1003.txt;chordal;60;8;148;0.65;1003;1042;50000;75;919;0;0;4540.695;8274.8378;generation
0014_ea_general_inst03_chordal_n60_k8_d065_s1003_s1042;ea_general;inst03_chordal_n60_k8_d065_s1003;experiments\20260618_124336_best_configs\instances\inst03_chordal_n60_k8_d065_s1003.txt;chordal;60;8;148;0.65;1003;1042;50000;76;928;0;0;3516.695;6120.139505;generation
0014_ea_general_inst03_chordal_n60_k8_d065_s1003_s1042;ea_general;inst03_chordal_n60_k8_d065_s1003;experiments\20260618_124336_best_configs\instances\inst03_chordal_n60_k8_d065_s1003.txt;chordal;60;8;148;0.65;1003;1042;50000;77;938;0;0;3837.22;7115.702929;generation
0014_ea_general_inst03_chordal_n60_k8_d065_s1003_s1042;ea_general;inst03_chordal_n60_k8_d065_s1003;experiments\20260618_124336_best_configs\instances\inst03_chordal_n60_k8_d065_s1003.txt;chordal;60;8;148;0.65;1003;1042;50000;78;948;0;0;3451.775;7421.167445;generation
0014_ea_general_inst03_chordal_n60_k8_d065_s1003_s1042;ea_general;inst03_chordal_n60_k8_d065_s1003;experiments\20260618_124336_best_configs\instances\inst03_chordal_n60_k8_d065_s1003.txt;chordal;60;8;148;0.65;1003;1042;50000;79;959;0;0;3260.075;6762.952953;generation
0014_ea_general_inst03_chordal_n60_k8_d065_s1003_s1042;ea_general;inst03_chordal_n60_k8_d065_s1003;experiments\20260618_124336_best_configs\instances\inst03_chordal_n60_k8_d065_s1003.txt;chordal;60;8;148;0.65;1003;1042;50000;80;968;0;0;2813.82;6149.938948;generation
0014_ea_general_inst03_chordal_n60_k8_d065_s1003_s1042;ea_general;inst03_chordal_n60_k8_d065_s1003;experiments\20260618_124336_best_configs\instances\inst03_chordal_n60_k8_d065_s1003.txt;chordal;60;8;148;0.65;1003;1042;50000;81;977;0;0;2686.065;6206.858405;generation
0014_ea_general_inst03_chordal_n60_k8_d065_s1003_s1042;ea_general;inst03_chordal_n60_k8_d065_s1003;experiments\20260618_124336_best_configs\instances\inst03_chordal_n60_k8_d065_s1003.txt;chordal;60;8;148;0.65;1003;1042;50000;82;989;0;0;2493.225;6603.550004;generation
0014_ea_general_inst03_chordal_n60_k8_d065_s1003_s1042;ea_general;inst03_chordal_n60_k8_d065_s1003;experiments\20260618_124336_best_configs\instances\inst03_chordal_n60_k8_d065_s1003.txt;chordal;60;8;148;0.65;1003;1042;50000;83;998;0;0;2301.01;5823.256115;generation
0014_ea_general_inst03_chordal_n60_k8_d065_s1003_s1042;ea_general;inst03_chordal_n60_k8_d065_s1003;experiments\20260618_124336_best_configs\instances\inst03_chordal_n60_k8_d065_s1003.txt;chordal;60;8;148;0.65;1003;1042;50000;84;1007;0;0;2557.23;6390.094686;generation
0014_ea_general_inst03_chordal_n60_k8_d065_s1003_s1042;ea_general;inst03_chordal_n60_k8_d065_s1003;experiments\20260618_124336_best_configs\instances\inst03_chordal_n60_k8_d065_s1003.txt;chordal;60;8;148;0.65;1003;1042;50000;85;1015;0;0;1853.425;5175.451732;generation
0014_ea_general_inst03_chordal_n60_k8_d065_s1003_s1042;ea_general;inst03_chordal_n60_k8_d065_s1003;experiments\20260618_124336_best_configs\instances\inst03_chordal_n60_k8_d065_s1003.txt;chordal;60;8;148;0.65;1003;1042;50000;86;1022;0;0;2623.01;5756.912812;generation
0014_ea_general_inst03_chordal_n60_k8_d065_s1003_s1042;ea_general;inst03_chordal_n60_k8_d065_s1003;experiments\20260618_124336_best_configs\instances\inst03_chordal_n60_k8_d065_s1003.txt;chordal;60;8;148;0.65;1003;1042;50000;87;1034;0;0;2495.425;6222.819662;generation
0014_ea_general_inst03_chordal_n60_k8_d065_s1003_s1042;ea_general;inst03_chordal_n60_k8_d065_s1003;experiments\20260618_124336_best_configs\instances\inst03_chordal_n60_k8_d065_s1003.txt;chordal;60;8;148;0.65;1003;1042;50000;88;1044;0;0;2300.945;5823.281576;generation
0014_ea_general_inst03_chordal_n60_k8_d065_s1003_s1042;ea_general;inst03_chordal_n60_k8_d065_s1003;experiments\20260618_124336_best_configs\instances\inst03_chordal_n60_k8_d065_s1003.txt;chordal;60;8;148;0.65;1003;1042;50000;89;1058;0;0;2559.755;6389.113285;generation
0014_ea_general_inst03_chordal_n60_k8_d065_s1003_s1042;ea_general;inst03_chordal_n60_k8_d065_s1003;experiments\20260618_124336_best_configs\instances\inst03_chordal_n60_k8_d065_s1003.txt;chordal;60;8;148;0.65;1003;1042;50000;90;1068;0;0;1919.365;5679.271115;generation
0014_ea_general_inst03_chordal_n60_k8_d065_s1003_s1042;ea_general;inst03_chordal_n60_k8_d065_s1003;experiments\20260618_124336_best_configs\instances\inst03_chordal_n60_k8_d065_s1003.txt;chordal;60;8;148;0.65;1003;1042;50000;91;1075;0;0;2301.935;6229.509844;generation
0014_ea_general_inst03_chordal_n60_k8_d065_s1003_s1042;ea_general;inst03_chordal_n60_k8_d065_s1003;experiments\20260618_124336_best_configs\instances\inst03_chordal_n60_k8_d065_s1003.txt;chordal;60;8;148;0.65;1003;1042;50000;92;1084;0;0;2558.21;6641.424126;generation
0014_ea_general_inst03_chordal_n60_k8_d065_s1003_s1042;ea_general;inst03_chordal_n60_k8_d065_s1003;experiments\20260618_124336_best_configs\instances\inst03_chordal_n60_k8_d065_s1003.txt;chordal;60;8;148;0.65;1003;1042;50000;93;1094;0;0;2750.755;7101.114009;generation
0014_ea_general_inst03_chordal_n60_k8_d065_s1003_s1042;ea_general;inst03_chordal_n60_k8_d065_s1003;experiments\20260618_124336_best_configs\instances\inst03_chordal_n60_k8_d065_s1003.txt;chordal;60;8;148;0.65;1003;1042;50000;94;1107;0;0;2429.095;5627.698232;generation
0014_ea_general_inst03_chordal_n60_k8_d065_s1003_s1042;ea_general;inst03_chordal_n60_k8_d065_s1003;experiments\20260618_124336_best_configs\instances\inst03_chordal_n60_k8_d065_s1003.txt;chordal;60;8;148;0.65;1003;1042;50000;95;1117;0;0;2621.855;6917.344382;generation
0014_ea_general_inst03_chordal_n60_k8_d065_s1003_s1042;ea_general;inst03_chordal_n60_k8_d065_s1003;experiments\20260618_124336_best_configs\instances\inst03_chordal_n60_k8_d065_s1003.txt;chordal;60;8;148;0.65;1003;1042;50000;96;1129;0;0;1728.515;4725.728785;generation
0014_ea_general_inst03_chordal_n60_k8_d065_s1003_s1042;ea_general;inst03_chordal_n60_k8_d065_s1003;experiments\20260618_124336_best_configs\instances\inst03_chordal_n60_k8_d065_s1003.txt;chordal;60;8;148;0.65;1003;1042;50000;97;1137;0;0;2880.955;7049.222662;generation
0014_ea_general_inst03_chordal_n60_k8_d065_s1003_s1042;ea_general;inst03_chordal_n60_k8_d065_s1003;experiments\20260618_124336_best_configs\instances\inst03_chordal_n60_k8_d065_s1003.txt;chordal;60;8;148;0.65;1003;1042;50000;98;1146;0;0;2621.89;5897.561881;generation
0014_ea_general_inst03_chordal_n60_k8_d065_s1003_s1042;ea_general;inst03_chordal_n60_k8_d065_s1003;experiments\20260618_124336_best_configs\instances\inst03_chordal_n60_k8_d065_s1003.txt;chordal;60;8;148;0.65;1003;1042;50000;99;1158;0;0;1407.745;4745.901745;generation
0014_ea_general_inst03_chordal_n60_k8_d065_s1003_s1042;ea_general;inst03_chordal_n60_k8_d065_s1003;experiments\20260618_124336_best_configs\instances\inst03_chordal_n60_k8_d065_s1003.txt;chordal;60;8;148;0.65;1003;1042;50000;100;1172;0;0;1791.045;5427.995982;generation
0014_ea_general_inst03_chordal_n60_k8_d065_s1003_s1042;ea_general;inst03_chordal_n60_k8_d065_s1003;experiments\20260618_124336_best_configs\instances\inst03_chordal_n60_k8_d065_s1003.txt;chordal;60;8;148;0.65;1003;1042;50000;101;1186;0;0;2365.935;6272.000747;generation
0014_ea_general_inst03_chordal_n60_k8_d065_s1003_s1042;ea_general;inst03_chordal_n60_k8_d065_s1003;experiments\20260618_124336_best_configs\instances\inst03_chordal_n60_k8_d065_s1003.txt;chordal;60;8;148;0.65;1003;1042;50000;102;1199;0;0;2045.73;5338.687092;generation
0014_ea_general_inst03_chordal_n60_k8_d065_s1003_s1042;ea_general;inst03_chordal_n60_k8_d065_s1003;experiments\20260618_124336_best_configs\instances\inst03_chordal_n60_k8_d065_s1003.txt;chordal;60;8;148;0.65;1003;1042;50000;103;1212;0;0;2813.675;6660.08227;generation
0014_ea_general_inst03_chordal_n60_k8_d065_s1003_s1042;ea_general;inst03_chordal_n60_k8_d065_s1003;experiments\20260618_124336_best_configs\instances\inst03_chordal_n60_k8_d065_s1003.txt;chordal;60;8;148;0.65;1003;1042;50000;104;1220;0;0;2241.29;5486.184195;generation
0014_ea_general_inst03_chordal_n60_k8_d065_s1003_s1042;ea_general;inst03_chordal_n60_k8_d065_s1003;experiments\20260618_124336_best_configs\instances\inst03_chordal_n60_k8_d065_s1003.txt;chordal;60;8;148;0.65;1003;1042;50000;105;1227;0;0;2111.35;6098.999414;generation
0014_ea_general_inst03_chordal_n60_k8_d065_s1003_s1042;ea_general;inst03_chordal_n60_k8_d065_s1003;experiments\20260618_124336_best_configs\instances\inst03_chordal_n60_k8_d065_s1003.txt;chordal;60;8;148;0.65;1003;1042;50000;106;1238;0;0;2622.82;6554.290971;generation
0014_ea_general_inst03_chordal_n60_k8_d065_s1003_s1042;ea_general;inst03_chordal_n60_k8_d065_s1003;experiments\20260618_124336_best_configs\instances\inst03_chordal_n60_k8_d065_s1003.txt;chordal;60;8;148;0.65;1003;1042;50000;107;1248;0;0;3196.135;6732.688859;generation
0014_ea_general_inst03_chordal_n60_k8_d065_s1003_s1042;ea_general;inst03_chordal_n60_k8_d065_s1003;experiments\20260618_124336_best_configs\instances\inst03_chordal_n60_k8_d065_s1003.txt;chordal;60;8;148;0.65;1003;1042;50000;108;1261;0;0;2749.69;7215.516917;generation
0014_ea_general_inst03_chordal_n60_k8_d065_s1003_s1042;ea_general;inst03_chordal_n60_k8_d065_s1003;experiments\20260618_124336_best_configs\instances\inst03_chordal_n60_k8_d065_s1003.txt;chordal;60;8;148;0.65;1003;1042;50000;109;1271;0;0;2238.82;6053.357324;generation
0014_ea_general_inst03_chordal_n60_k8_d065_s1003_s1042;ea_general;inst03_chordal_n60_k8_d065_s1003;experiments\20260618_124336_best_configs\instances\inst03_chordal_n60_k8_d065_s1003.txt;chordal;60;8;148;0.65;1003;1042;50000;110;1283;0;0;1981.68;4965.877724;generation
0014_ea_general_inst03_chordal_n60_k8_d065_s1003_s1042;ea_general;inst03_chordal_n60_k8_d065_s1003;experiments\20260618_124336_best_configs\instances\inst03_chordal_n60_k8_d065_s1003.txt;chordal;60;8;148;0.65;1003;1042;50000;111;1291;0;0;2238.905;5487.144382;generation
0014_ea_general_inst03_chordal_n60_k8_d065_s1003_s1042;ea_general;inst03_chordal_n60_k8_d065_s1003;experiments\20260618_124336_best_configs\instances\inst03_chordal_n60_k8_d065_s1003.txt;chordal;60;8;148;0.65;1003;1042;50000;112;1300;0;0;1854.615;5014.724219;generation
0014_ea_general_inst03_chordal_n60_k8_d065_s1003_s1042;ea_general;inst03_chordal_n60_k8_d065_s1003;experiments\20260618_124336_best_configs\instances\inst03_chordal_n60_k8_d065_s1003.txt;chordal;60;8;148;0.65;1003;1042;50000;113;1310;0;0;2558.465;6128.63574;generation
0014_ea_general_inst03_chordal_n60_k8_d065_s1003_s1042;ea_general;inst03_chordal_n60_k8_d065_s1003;experiments\20260618_124336_best_configs\instances\inst03_chordal_n60_k8_d065_s1003.txt;chordal;60;8;148;0.65;1003;1042;50000;114;1320;0;0;2685.22;6712.897436;generation
0014_ea_general_inst03_chordal_n60_k8_d065_s1003_s1042;ea_general;inst03_chordal_n60_k8_d065_s1003;experiments\20260618_124336_best_configs\instances\inst03_chordal_n60_k8_d065_s1003.txt;chordal;60;8;148;0.65;1003;1042;50000;115;1329;0;0;2429.94;5910.50107;generation
0014_ea_general_inst03_chordal_n60_k8_d065_s1003_s1042;ea_general;inst03_chordal_n60_k8_d065_s1003;experiments\20260618_124336_best_configs\instances\inst03_chordal_n60_k8_d065_s1003.txt;chordal;60;8;148;0.65;1003;1042;50000;116;1339;0;0;2942.085;6352.230403;generation
0014_ea_general_inst03_chordal_n60_k8_d065_s1003_s1042;ea_general;inst03_chordal_n60_k8_d065_s1003;experiments\20260618_124336_best_configs\instances\inst03_chordal_n60_k8_d065_s1003.txt;chordal;60;8;148;0.65;1003;1042;50000;117;1346;0;0;2428.665;6566.157729;generation
0014_ea_general_inst03_chordal_n60_k8_d065_s1003_s1042;ea_general;inst03_chordal_n60_k8_d065_s1003;experiments\20260618_124336_best_configs\instances\inst03_chordal_n60_k8_d065_s1003.txt;chordal;60;8;148;0.65;1003;1042;50000;118;1355;0;0;2558.81;6129.672666;generation
0014_ea_general_inst03_chordal_n60_k8_d065_s1003_s1042;ea_general;inst03_chordal_n60_k8_d065_s1003;experiments\20260618_124336_best_configs\instances\inst03_chordal_n60_k8_d065_s1003.txt;chordal;60;8;148;0.65;1003;1042;50000;119;1365;0;0;3070.235;8106.593816;generation
0014_ea_general_inst03_chordal_n60_k8_d065_s1003_s1042;ea_general;inst03_chordal_n60_k8_d065_s1003;experiments\20260618_124336_best_configs\instances\inst03_chordal_n60_k8_d065_s1003.txt;chordal;60;8;148;0.65;1003;1042;50000;120;1372;0;0;1792.09;5119.125655;generation
0014_ea_general_inst03_chordal_n60_k8_d065_s1003_s1042;ea_general;inst03_chordal_n60_k8_d065_s1003;experiments\20260618_124336_best_configs\instances\inst03_chordal_n60_k8_d065_s1003.txt;chordal;60;8;148;0.65;1003;1042;50000;121;1379;0;0;2750.375;6245.385255;generation
0014_ea_general_inst03_chordal_n60_k8_d065_s1003_s1042;ea_general;inst03_chordal_n60_k8_d065_s1003;experiments\20260618_124336_best_configs\instances\inst03_chordal_n60_k8_d065_s1003.txt;chordal;60;8;148;0.65;1003;1042;50000;122;1386;0;0;1917.715;5230.643743;generation
0014_ea_general_inst03_chordal_n60_k8_d065_s1003_s1042;ea_general;inst03_chordal_n60_k8_d065_s1003;experiments\20260618_124336_best_configs\instances\inst03_chordal_n60_k8_d065_s1003.txt;chordal;60;8;148;0.65;1003;1042;50000;123;1394;0;0;2110.745;5963.779324;generation
0014_ea_general_inst03_chordal_n60_k8_d065_s1003_s1042;ea_general;inst03_chordal_n60_k8_d065_s1003;experiments\20260618_124336_best_configs\instances\inst03_chordal_n60_k8_d065_s1003.txt;chordal;60;8;148;0.65;1003;1042;50000;124;1409;0;0;1792.89;4787.816049;generation
0014_ea_general_inst03_chordal_n60_k8_d065_s1003_s1042;ea_general;inst03_chordal_n60_k8_d065_s1003;experiments\20260618_124336_best_configs\instances\inst03_chordal_n60_k8_d065_s1003.txt;chordal;60;8;148;0.65;1003;1042;50000;125;1424;0;0;3004.515;6879.685704;generation
0014_ea_general_inst03_chordal_n60_k8_d065_s1003_s1042;ea_general;inst03_chordal_n60_k8_d065_s1003;experiments\20260618_124336_best_configs\instances\inst03_chordal_n60_k8_d065_s1003.txt;chordal;60;8;148;0.65;1003;1042;50000;126;1435;0;0;2430.985;5911.431912;generation
0014_ea_general_inst03_chordal_n60_k8_d065_s1003_s1042;ea_general;inst03_chordal_n60_k8_d065_s1003;experiments\20260618_124336_best_configs\instances\inst03_chordal_n60_k8_d065_s1003.txt;chordal;60;8;148;0.65;1003;1042;50000;127;1447;0;0;2876.59;5917.271197;generation
0014_ea_general_inst03_chordal_n60_k8_d065_s1003_s1042;ea_general;inst03_chordal_n60_k8_d065_s1003;experiments\20260618_124336_best_configs\instances\inst03_chordal_n60_k8_d065_s1003.txt;chordal;60;8;148;0.65;1003;1042;50000;128;1460;0;0;1854.785;5014.66277;generation
0014_ea_general_inst03_chordal_n60_k8_d065_s1003_s1042;ea_general;inst03_chordal_n60_k8_d065_s1003;experiments\20260618_124336_best_configs\instances\inst03_chordal_n60_k8_d065_s1003.txt;chordal;60;8;148;0.65;1003;1042;50000;129;1470;0;0;3644.58;7383.037266;generation
0014_ea_general_inst03_chordal_n60_k8_d065_s1003_s1042;ea_general;inst03_chordal_n60_k8_d065_s1003;experiments\20260618_124336_best_configs\instances\inst03_chordal_n60_k8_d065_s1003.txt;chordal;60;8;148;0.65;1003;1042;50000;130;1485;0;0;1412.62;4744.314021;generation
0014_ea_general_inst03_chordal_n60_k8_d065_s1003_s1042;ea_general;inst03_chordal_n60_k8_d065_s1003;experiments\20260618_124336_best_configs\instances\inst03_chordal_n60_k8_d065_s1003.txt;chordal;60;8;148;0.65;1003;1042;50000;131;1496;0;0;2942.355;7528.944704;generation
0014_ea_general_inst03_chordal_n60_k8_d065_s1003_s1042;ea_general;inst03_chordal_n60_k8_d065_s1003;experiments\20260618_124336_best_configs\instances\inst03_chordal_n60_k8_d065_s1003.txt;chordal;60;8;148;0.65;1003;1042;50000;132;1506;0;0;1983.62;5584.499085;generation
0014_ea_general_inst03_chordal_n60_k8_d065_s1003_s1042;ea_general;inst03_chordal_n60_k8_d065_s1003;experiments\20260618_124336_best_configs\instances\inst03_chordal_n60_k8_d065_s1003.txt;chordal;60;8;148;0.65;1003;1042;50000;133;1521;0;0;2174.095;5439.765369;generation
0014_ea_general_inst03_chordal_n60_k8_d065_s1003_s1042;ea_general;inst03_chordal_n60_k8_d065_s1003;experiments\20260618_124336_best_configs\instances\inst03_chordal_n60_k8_d065_s1003.txt;chordal;60;8;148;0.65;1003;1042;50000;134;1535;0;0;3197.56;7533.330634;generation
0014_ea_general_inst03_chordal_n60_k8_d065_s1003_s1042;ea_general;inst03_chordal_n60_k8_d065_s1003;experiments\20260618_124336_best_configs\instances\inst03_chordal_n60_k8_d065_s1003.txt;chordal;60;8;148;0.65;1003;1042;50000;135;1555;0;0;3324.215;7693.627461;generation
0014_ea_general_inst03_chordal_n60_k8_d065_s1003_s1042;ea_general;inst03_chordal_n60_k8_d065_s1003;experiments\20260618_124336_best_configs\instances\inst03_chordal_n60_k8_d065_s1003.txt;chordal;60;8;148;0.65;1003;1042;50000;136;1569;0;0;2302.705;5822.600649;generation
0014_ea_general_inst03_chordal_n60_k8_d065_s1003_s1042;ea_general;inst03_chordal_n60_k8_d065_s1003;experiments\20260618_124336_best_configs\instances\inst03_chordal_n60_k8_d065_s1003.txt;chordal;60;8;148;0.65;1003;1042;50000;137;1583;0;0;2302.045;5680.856481;generation
0014_ea_general_inst03_chordal_n60_k8_d065_s1003_s1042;ea_general;inst03_chordal_n60_k8_d065_s1003;experiments\20260618_124336_best_configs\instances\inst03_chordal_n60_k8_d065_s1003.txt;chordal;60;8;148;0.65;1003;1042;50000;138;1597;0;0;3133.645;7172.069789;generation
0014_ea_general_inst03_chordal_n60_k8_d065_s1003_s1042;ea_general;inst03_chordal_n60_k8_d065_s1003;experiments\20260618_124336_best_configs\instances\inst03_chordal_n60_k8_d065_s1003.txt;chordal;60;8;148;0.65;1003;1042;50000;139;1611;0;0;2748.72;6747.937172;generation
0014_ea_general_inst03_chordal_n60_k8_d065_s1003_s1042;ea_general;inst03_chordal_n60_k8_d065_s1003;experiments\20260618_124336_best_configs\instances\inst03_chordal_n60_k8_d065_s1003.txt;chordal;60;8;148;0.65;1003;1042;50000;140;1625;0;0;3004.725;6760.814137;generation
0014_ea_general_inst03_chordal_n60_k8_d065_s1003_s1042;ea_general;inst03_chordal_n60_k8_d065_s1003;experiments\20260618_124336_best_configs\instances\inst03_chordal_n60_k8_d065_s1003.txt;chordal;60;8;148;0.65;1003;1042;50000;141;1639;0;0;2748.99;6985.734702;generation
0014_ea_general_inst03_chordal_n60_k8_d065_s1003_s1042;ea_general;inst03_chordal_n60_k8_d065_s1003;experiments\20260618_124336_best_configs\instances\inst03_chordal_n60_k8_d065_s1003.txt;chordal;60;8;148;0.65;1003;1042;50000;142;1655;0;0;2940.74;6605.058095;generation
0014_ea_general_inst03_chordal_n60_k8_d065_s1003_s1042;ea_general;inst03_chordal_n60_k8_d065_s1003;experiments\20260618_124336_best_configs\instances\inst03_chordal_n60_k8_d065_s1003.txt;chordal;60;8;148;0.65;1003;1042;50000;143;1668;0;0;3516.17;7974.824222;generation
0014_ea_general_inst03_chordal_n60_k8_d065_s1003_s1042;ea_general;inst03_chordal_n60_k8_d065_s1003;experiments\20260618_124336_best_configs\instances\inst03_chordal_n60_k8_d065_s1003.txt;chordal;60;8;148;0.65;1003;1042;50000;144;1682;0;0;2495.485;5952.153956;generation
0014_ea_general_inst03_chordal_n60_k8_d065_s1003_s1042;ea_general;inst03_chordal_n60_k8_d065_s1003;experiments\20260618_124336_best_configs\instances\inst03_chordal_n60_k8_d065_s1003.txt;chordal;60;8;148;0.65;1003;1042;50000;145;1697;0;0;3196.55;6970.625377;generation
0014_ea_general_inst03_chordal_n60_k8_d065_s1003_s1042;ea_general;inst03_chordal_n60_k8_d065_s1003;experiments\20260618_124336_best_configs\instances\inst03_chordal_n60_k8_d065_s1003.txt;chordal;60;8;148;0.65;1003;1042;50000;146;1706;0;0;2429.32;5627.599528;generation
0014_ea_general_inst03_chordal_n60_k8_d065_s1003_s1042;ea_general;inst03_chordal_n60_k8_d065_s1003;experiments\20260618_124336_best_configs\instances\inst03_chordal_n60_k8_d065_s1003.txt;chordal;60;8;148;0.65;1003;1042;50000;147;1717;0;0;2367.69;5866.530469;generation
0014_ea_general_inst03_chordal_n60_k8_d065_s1003_s1042;ea_general;inst03_chordal_n60_k8_d065_s1003;experiments\20260618_124336_best_configs\instances\inst03_chordal_n60_k8_d065_s1003.txt;chordal;60;8;148;0.65;1003;1042;50000;148;1727;0;0;2301.65;6229.621258;generation
0014_ea_general_inst03_chordal_n60_k8_d065_s1003_s1042;ea_general;inst03_chordal_n60_k8_d065_s1003;experiments\20260618_124336_best_configs\instances\inst03_chordal_n60_k8_d065_s1003.txt;chordal;60;8;148;0.65;1003;1042;50000;149;1742;0;0;2238.5;5181.327212;generation
0014_ea_general_inst03_chordal_n60_k8_d065_s1003_s1042;ea_general;inst03_chordal_n60_k8_d065_s1003;experiments\20260618_124336_best_configs\instances\inst03_chordal_n60_k8_d065_s1003.txt;chordal;60;8;148;0.65;1003;1042;50000;150;1755;0;0;3388.57;7503.976021;generation
0014_ea_general_inst03_chordal_n60_k8_d065_s1003_s1042;ea_general;inst03_chordal_n60_k8_d065_s1003;experiments\20260618_124336_best_configs\instances\inst03_chordal_n60_k8_d065_s1003.txt;chordal;60;8;148;0.65;1003;1042;50000;151;1768;0;0;2430.79;5770.307667;generation
0014_ea_general_inst03_chordal_n60_k8_d065_s1003_s1042;ea_general;inst03_chordal_n60_k8_d065_s1003;experiments\20260618_124336_best_configs\instances\inst03_chordal_n60_k8_d065_s1003.txt;chordal;60;8;148;0.65;1003;1042;50000;152;1781;0;0;2302;5961.494673;generation
0014_ea_general_inst03_chordal_n60_k8_d065_s1003_s1042;ea_general;inst03_chordal_n60_k8_d065_s1003;experiments\20260618_124336_best_configs\instances\inst03_chordal_n60_k8_d065_s1003.txt;chordal;60;8;148;0.65;1003;1042;50000;153;1793;0;0;2110.66;5825.244951;generation
0014_ea_general_inst03_chordal_n60_k8_d065_s1003_s1042;ea_general;inst03_chordal_n60_k8_d065_s1003;experiments\20260618_124336_best_configs\instances\inst03_chordal_n60_k8_d065_s1003.txt;chordal;60;8;148;0.65;1003;1042;50000;154;1805;0;0;2111.825;5682.891247;generation
0014_ea_general_inst03_chordal_n60_k8_d065_s1003_s1042;ea_general;inst03_chordal_n60_k8_d065_s1003;experiments\20260618_124336_best_configs\instances\inst03_chordal_n60_k8_d065_s1003.txt;chordal;60;8;148;0.65;1003;1042;50000;155;1818;0;0;1983.76;6142.864637;generation
0014_ea_general_inst03_chordal_n60_k8_d065_s1003_s1042;ea_general;inst03_chordal_n60_k8_d065_s1003;experiments\20260618_124336_best_configs\instances\inst03_chordal_n60_k8_d065_s1003.txt;chordal;60;8;148;0.65;1003;1042;50000;156;1833;0;0;1917.9;4908.349936;generation
0014_ea_general_inst03_chordal_n60_k8_d065_s1003_s1042;ea_general;inst03_chordal_n60_k8_d065_s1003;experiments\20260618_124336_best_configs\instances\inst03_chordal_n60_k8_d065_s1003.txt;chordal;60;8;148;0.65;1003;1042;50000;157;1847;0;0;1984.16;5584.318142;generation
0014_ea_general_inst03_chordal_n60_k8_d065_s1003_s1042;ea_general;inst03_chordal_n60_k8_d065_s1003;experiments\20260618_124336_best_configs\instances\inst03_chordal_n60_k8_d065_s1003.txt;chordal;60;8;148;0.65;1003;1042;50000;158;1864;0;0;2877.4;6815.006751;generation
0014_ea_general_inst03_chordal_n60_k8_d065_s1003_s1042;ea_general;inst03_chordal_n60_k8_d065_s1003;experiments\20260618_124336_best_configs\instances\inst03_chordal_n60_k8_d065_s1003.txt;chordal;60;8;148;0.65;1003;1042;50000;159;1877;0;0;2046.445;6318.051983;generation
0014_ea_general_inst03_chordal_n60_k8_d065_s1003_s1042;ea_general;inst03_chordal_n60_k8_d065_s1003;experiments\20260618_124336_best_configs\instances\inst03_chordal_n60_k8_d065_s1003.txt;chordal;60;8;148;0.65;1003;1042;50000;160;1888;0;0;2495.175;5671.274034;generation
0014_ea_general_inst03_chordal_n60_k8_d065_s1003_s1042;ea_general;inst03_chordal_n60_k8_d065_s1003;experiments\20260618_124336_best_configs\instances\inst03_chordal_n60_k8_d065_s1003.txt;chordal;60;8;148;0.65;1003;1042;50000;161;1902;0;0;2303.38;5822.35264;generation
0014_ea_general_inst03_chordal_n60_k8_d065_s1003_s1042;ea_general;inst03_chordal_n60_k8_d065_s1003;experiments\20260618_124336_best_configs\instances\inst03_chordal_n60_k8_d065_s1003.txt;chordal;60;8;148;0.65;1003;1042;50000;162;1913;0;0;2302.47;6229.46016;generation
0014_ea_general_inst03_chordal_n60_k8_d065_s1003_s1042;ea_general;inst03_chordal_n60_k8_d065_s1003;experiments\20260618_124336_best_configs\instances\inst03_chordal_n60_k8_d065_s1003.txt;chordal;60;8;148;0.65;1003;1042;50000;163;1923;0;0;2303.08;6096.565302;generation
0014_ea_general_inst03_chordal_n60_k8_d065_s1003_s1042;ea_general;inst03_chordal_n60_k8_d065_s1003;experiments\20260618_124336_best_configs\instances\inst03_chordal_n60_k8_d065_s1003.txt;chordal;60;8;148;0.65;1003;1042;50000;164;1934;0;0;2176.06;5731.496043;generation
0014_ea_general_inst03_chordal_n60_k8_d065_s1003_s1042;ea_general;inst03_chordal_n60_k8_d065_s1003;experiments\20260618_124336_best_configs\instances\inst03_chordal_n60_k8_d065_s1003.txt;chordal;60;8;148;0.65;1003;1042;50000;165;1945;0;0;2557.715;5994.335546;generation
0014_ea_general_inst03_chordal_n60_k8_d065_s1003_s1042;ea_general;inst03_chordal_n60_k8_d065_s1003;experiments\20260618_124336_best_configs\instances\inst03_chordal_n60_k8_d065_s1003.txt;chordal;60;8;148;0.65;1003;1042;50000;166;1956;0;0;2238.795;5916.901729;generation
0014_ea_general_inst03_chordal_n60_k8_d065_s1003_s1042;ea_general;inst03_chordal_n60_k8_d065_s1003;experiments\20260618_124336_best_configs\instances\inst03_chordal_n60_k8_d065_s1003.txt;chordal;60;8;148;0.65;1003;1042;50000;167;1970;0;0;3005.49;6759.497927;generation
0014_ea_general_inst03_chordal_n60_k8_d065_s1003_s1042;ea_general;inst03_chordal_n60_k8_d065_s1003;experiments\20260618_124336_best_configs\instances\inst03_chordal_n60_k8_d065_s1003.txt;chordal;60;8;148;0.65;1003;1042;50000;168;1984;0;0;2429.64;5628.750547;generation
0014_ea_general_inst03_chordal_n60_k8_d065_s1003_s1042;ea_general;inst03_chordal_n60_k8_d065_s1003;experiments\20260618_124336_best_configs\instances\inst03_chordal_n60_k8_d065_s1003.txt;chordal;60;8;148;0.65;1003;1042;50000;169;1997;0;0;2492.635;6478.903836;generation
0014_ea_general_inst03_chordal_n60_k8_d065_s1003_s1042;ea_general;inst03_chordal_n60_k8_d065_s1003;experiments\20260618_124336_best_configs\instances\inst03_chordal_n60_k8_d065_s1003.txt;chordal;60;8;148;0.65;1003;1042;50000;170;2006;0;0;3389.975;7055.454918;generation
0014_ea_general_inst03_chordal_n60_k8_d065_s1003_s1042;ea_general;inst03_chordal_n60_k8_d065_s1003;experiments\20260618_124336_best_configs\instances\inst03_chordal_n60_k8_d065_s1003.txt;chordal;60;8;148;0.65;1003;1042;50000;171;2019;0;0;3070.045;7027.269731;generation
0014_ea_general_inst03_chordal_n60_k8_d065_s1003_s1042;ea_general;inst03_chordal_n60_k8_d065_s1003;experiments\20260618_124336_best_configs\instances\inst03_chordal_n60_k8_d065_s1003.txt;chordal;60;8;148;0.65;1003;1042;50000;172;2032;0;0;2302.45;5822.702749;generation
0014_ea_general_inst03_chordal_n60_k8_d065_s1003_s1042;ea_general;inst03_chordal_n60_k8_d065_s1003;experiments\20260618_124336_best_configs\instances\inst03_chordal_n60_k8_d065_s1003.txt;chordal;60;8;148;0.65;1003;1042;50000;173;2046;0;0;4092.5;7533.98964;generation
0014_ea_general_inst03_chordal_n60_k8_d065_s1003_s1042;ea_general;inst03_chordal_n60_k8_d065_s1003;experiments\20260618_124336_best_configs\instances\inst03_chordal_n60_k8_d065_s1003.txt;chordal;60;8;148;0.65;1003;1042;50000;174;2059;0;0;2749.74;6867.511917;generation
0014_ea_general_inst03_chordal_n60_k8_d065_s1003_s1042;ea_general;inst03_chordal_n60_k8_d065_s1003;experiments\20260618_124336_best_configs\instances\inst03_chordal_n60_k8_d065_s1003.txt;chordal;60;8;148;0.65;1003;1042;50000;175;2075;0;0;3260.34;6260.451014;generation
0014_ea_general_inst03_chordal_n60_k8_d065_s1003_s1042;ea_general;inst03_chordal_n60_k8_d065_s1003;experiments\20260618_124336_best_configs\instances\inst03_chordal_n60_k8_d065_s1003.txt;chordal;60;8;148;0.65;1003;1042;50000;176;2089;0;0;3006.27;7226.372366;generation
0014_ea_general_inst03_chordal_n60_k8_d065_s1003_s1042;ea_general;inst03_chordal_n60_k8_d065_s1003;experiments\20260618_124336_best_configs\instances\inst03_chordal_n60_k8_d065_s1003.txt;chordal;60;8;148;0.65;1003;1042;50000;177;2102;0;0;2557.785;6516.44633;generation
0014_ea_general_inst03_chordal_n60_k8_d065_s1003_s1042;ea_general;inst03_chordal_n60_k8_d065_s1003;experiments\20260618_124336_best_configs\instances\inst03_chordal_n60_k8_d065_s1003.txt;chordal;60;8;148;0.65;1003;1042;50000;178;2114;0;0;2175.055;5730.687573;generation
0014_ea_general_inst03_chordal_n60_k8_d065_s1003_s1042;ea_general;inst03_chordal_n60_k8_d065_s1003;experiments\20260618_124336_best_configs\instances\inst03_chordal_n60_k8_d065_s1003.txt;chordal;60;8;148;0.65;1003;1042;50000;179;2126;0;0;2366.325;6139.184974;generation
0014_ea_general_inst03_chordal_n60_k8_d065_s1003_s1042;ea_general;inst03_chordal_n60_k8_d065_s1003;experiments\20260618_124336_best_configs\instances\inst03_chordal_n60_k8_d065_s1003.txt;chordal;60;8;148;0.65;1003;1042;50000;180;2139;0;0;3834.505;8573.663956;generation
0014_ea_general_inst03_chordal_n60_k8_d065_s1003_s1042;ea_general;inst03_chordal_n60_k8_d065_s1003;experiments\20260618_124336_best_configs\instances\inst03_chordal_n60_k8_d065_s1003.txt;chordal;60;8;148;0.65;1003;1042;50000;181;2149;0;0;2624.875;5756.074287;generation
0014_ea_general_inst03_chordal_n60_k8_d065_s1003_s1042;ea_general;inst03_chordal_n60_k8_d065_s1003;experiments\20260618_124336_best_configs\instances\inst03_chordal_n60_k8_d065_s1003.txt;chordal;60;8;148;0.65;1003;1042;50000;182;2160;0;0;2367.135;6139.108423;generation
0014_ea_general_inst03_chordal_n60_k8_d065_s1003_s1042;ea_general;inst03_chordal_n60_k8_d065_s1003;experiments\20260618_124336_best_configs\instances\inst03_chordal_n60_k8_d065_s1003.txt;chordal;60;8;148;0.65;1003;1042;50000;183;2169;0;0;2686.17;6833.231018;generation
0014_ea_general_inst03_chordal_n60_k8_d065_s1003_s1042;ea_general;inst03_chordal_n60_k8_d065_s1003;experiments\20260618_124336_best_configs\instances\inst03_chordal_n60_k8_d065_s1003.txt;chordal;60;8;148;0.65;1003;1042;50000;184;2176;0;0;2557.745;5715.538183;generation
0014_ea_general_inst03_chordal_n60_k8_d065_s1003_s1042;ea_general;inst03_chordal_n60_k8_d065_s1003;experiments\20260618_124336_best_configs\instances\inst03_chordal_n60_k8_d065_s1003.txt;chordal;60;8;148;0.65;1003;1042;50000;185;2184;0;0;3004.45;7339.253059;generation
0014_ea_general_inst03_chordal_n60_k8_d065_s1003_s1042;ea_general;inst03_chordal_n60_k8_d065_s1003;experiments\20260618_124336_best_configs\instances\inst03_chordal_n60_k8_d065_s1003.txt;chordal;60;8;148;0.65;1003;1042;50000;186;2191;0;0;2175.595;5437.970806;generation
0014_ea_general_inst03_chordal_n60_k8_d065_s1003_s1042;ea_general;inst03_chordal_n60_k8_d065_s1003;experiments\20260618_124336_best_configs\instances\inst03_chordal_n60_k8_d065_s1003.txt;chordal;60;8;148;0.65;1003;1042;50000;187;2200;0;0;2749.19;6747.748058;generation
0014_ea_general_inst03_chordal_n60_k8_d065_s1003_s1042;ea_general;inst03_chordal_n60_k8_d065_s1003;experiments\20260618_124336_best_configs\instances\inst03_chordal_n60_k8_d065_s1003.txt;chordal;60;8;148;0.65;1003;1042;50000;188;2208;0;0;1533.99;5506.148551;generation
0014_ea_general_inst03_chordal_n60_k8_d065_s1003_s1042;ea_general;inst03_chordal_n60_k8_d065_s1003;experiments\20260618_124336_best_configs\instances\inst03_chordal_n60_k8_d065_s1003.txt;chordal;60;8;148;0.65;1003;1042;50000;189;2215;0;0;2625.105;6172.57123;generation
0014_ea_general_inst03_chordal_n60_k8_d065_s1003_s1042;ea_general;inst03_chordal_n60_k8_d065_s1003;experiments\20260618_124336_best_configs\instances\inst03_chordal_n60_k8_d065_s1003.txt;chordal;60;8;148;0.65;1003;1042;50000;190;2222;0;0;2366.255;6891.383454;generation
0014_ea_general_inst03_chordal_n60_k8_d065_s1003_s1042;ea_general;inst03_chordal_n60_k8_d065_s1003;experiments\20260618_124336_best_configs\instances\inst03_chordal_n60_k8_d065_s1003.txt;chordal;60;8;148;0.65;1003;1042;50000;191;2230;0;0;2110.71;6099.209564;generation
0014_ea_general_inst03_chordal_n60_k8_d065_s1003_s1042;ea_general;inst03_chordal_n60_k8_d065_s1003;experiments\20260618_124336_best_configs\instances\inst03_chordal_n60_k8_d065_s1003.txt;chordal;60;8;148;0.65;1003;1042;50000;192;2237;0;0;2812.4;6536.833113;generation
0014_ea_general_inst03_chordal_n60_k8_d065_s1003_s1042;ea_general;inst03_chordal_n60_k8_d065_s1003;experiments\20260618_124336_best_configs\instances\inst03_chordal_n60_k8_d065_s1003.txt;chordal;60;8;148;0.65;1003;1042;50000;193;2244;0;0;3069.75;6669.609955;generation
0014_ea_general_inst03_chordal_n60_k8_d065_s1003_s1042;ea_general;inst03_chordal_n60_k8_d065_s1003;experiments\20260618_124336_best_configs\instances\inst03_chordal_n60_k8_d065_s1003.txt;chordal;60;8;148;0.65;1003;1042;50000;194;2252;0;0;2685.275;6951.961913;generation
0014_ea_general_inst03_chordal_n60_k8_d065_s1003_s1042;ea_general;inst03_chordal_n60_k8_d065_s1003;experiments\20260618_124336_best_configs\instances\inst03_chordal_n60_k8_d065_s1003.txt;chordal;60;8;148;0.65;1003;1042;50000;195;2259;0;0;1728.33;4549.680477;generation
0014_ea_general_inst03_chordal_n60_k8_d065_s1003_s1042;ea_general;inst03_chordal_n60_k8_d065_s1003;experiments\20260618_124336_best_configs\instances\inst03_chordal_n60_k8_d065_s1003.txt;chordal;60;8;148;0.65;1003;1042;50000;196;2269;0;0;2877.73;7165.413542;generation
0014_ea_general_inst03_chordal_n60_k8_d065_s1003_s1042;ea_general;inst03_chordal_n60_k8_d065_s1003;experiments\20260618_124336_best_configs\instances\inst03_chordal_n60_k8_d065_s1003.txt;chordal;60;8;148;0.65;1003;1042;50000;197;2278;0;0;2558.625;6260.422359;generation
0014_ea_general_inst03_chordal_n60_k8_d065_s1003_s1042;ea_general;inst03_chordal_n60_k8_d065_s1003;experiments\20260618_124336_best_configs\instances\inst03_chordal_n60_k8_d065_s1003.txt;chordal;60;8;148;0.65;1003;1042;50000;198;2287;0;0;3005.865;6513.188688;generation
0014_ea_general_inst03_chordal_n60_k8_d065_s1003_s1042;ea_general;inst03_chordal_n60_k8_d065_s1003;experiments\20260618_124336_best_configs\instances\inst03_chordal_n60_k8_d065_s1003.txt;chordal;60;8;148;0.65;1003;1042;50000;199;2298;0;0;2749.485;6374.157122;generation
0014_ea_general_inst03_chordal_n60_k8_d065_s1003_s1042;ea_general;inst03_chordal_n60_k8_d065_s1003;experiments\20260618_124336_best_configs\instances\inst03_chordal_n60_k8_d065_s1003.txt;chordal;60;8;148;0.65;1003;1042;50000;200;2305;0;0;2814.33;6409.834132;generation
0014_ea_general_inst03_chordal_n60_k8_d065_s1003_s1042;ea_general;inst03_chordal_n60_k8_d065_s1003;experiments\20260618_124336_best_configs\instances\inst03_chordal_n60_k8_d065_s1003.txt;chordal;60;8;148;0.65;1003;1042;50000;201;2314;0;0;2687.035;6589.386268;generation
0014_ea_general_inst03_chordal_n60_k8_d065_s1003_s1042;ea_general;inst03_chordal_n60_k8_d065_s1003;experiments\20260618_124336_best_configs\instances\inst03_chordal_n60_k8_d065_s1003.txt;chordal;60;8;148;0.65;1003;1042;50000;202;2323;0;0;2494.19;5952.685527;generation
0014_ea_general_inst03_chordal_n60_k8_d065_s1003_s1042;ea_general;inst03_chordal_n60_k8_d065_s1003;experiments\20260618_124336_best_configs\instances\inst03_chordal_n60_k8_d065_s1003.txt;chordal;60;8;148;0.65;1003;1042;50000;203;2333;0;0;2684.575;6833.733712;generation
0014_ea_general_inst03_chordal_n60_k8_d065_s1003_s1042;ea_general;inst03_chordal_n60_k8_d065_s1003;experiments\20260618_124336_best_configs\instances\inst03_chordal_n60_k8_d065_s1003.txt;chordal;60;8;148;0.65;1003;1042;50000;204;2346;0;0;2112.53;5387.519966;generation
0014_ea_general_inst03_chordal_n60_k8_d065_s1003_s1042;ea_general;inst03_chordal_n60_k8_d065_s1003;experiments\20260618_124336_best_configs\instances\inst03_chordal_n60_k8_d065_s1003.txt;chordal;60;8;148;0.65;1003;1042;50000;205;2358;0;0;2558.035;6128.957418;generation
0014_ea_general_inst03_chordal_n60_k8_d065_s1003_s1042;ea_general;inst03_chordal_n60_k8_d065_s1003;experiments\20260618_124336_best_configs\instances\inst03_chordal_n60_k8_d065_s1003.txt;chordal;60;8;148;0.65;1003;1042;50000;206;2367;0;0;2110.42;5537.813343;generation
0014_ea_general_inst03_chordal_n60_k8_d065_s1003_s1042;ea_general;inst03_chordal_n60_k8_d065_s1003;experiments\20260618_124336_best_configs\instances\inst03_chordal_n60_k8_d065_s1003.txt;chordal;60;8;148;0.65;1003;1042;50000;207;2375;0;0;2558.75;6389.505796;generation
0014_ea_general_inst03_chordal_n60_k8_d065_s1003_s1042;ea_general;inst03_chordal_n60_k8_d065_s1003;experiments\20260618_124336_best_configs\instances\inst03_chordal_n60_k8_d065_s1003.txt;chordal;60;8;148;0.65;1003;1042;50000;208;2385;0;0;2494.685;5952.612449;generation
0014_ea_general_inst03_chordal_n60_k8_d065_s1003_s1042;ea_general;inst03_chordal_n60_k8_d065_s1003;experiments\20260618_124336_best_configs\instances\inst03_chordal_n60_k8_d065_s1003.txt;chordal;60;8;148;0.65;1003;1042;50000;209;2391;0;0;2237.885;5777.60258;generation
0014_ea_general_inst03_chordal_n60_k8_d065_s1003_s1042;ea_general;inst03_chordal_n60_k8_d065_s1003;experiments\20260618_124336_best_configs\instances\inst03_chordal_n60_k8_d065_s1003.txt;chordal;60;8;148;0.65;1003;1042;50000;210;2402;0;0;2879.7;7164.646412;generation
0014_ea_general_inst03_chordal_n60_k8_d065_s1003_s1042;ea_general;inst03_chordal_n60_k8_d065_s1003;experiments\20260618_124336_best_configs\instances\inst03_chordal_n60_k8_d065_s1003.txt;chordal;60;8;148;0.65;1003;1042;50000;211;2414;0;0;2687.02;6464.25159;generation
0014_ea_general_inst03_chordal_n60_k8_d065_s1003_s1042;ea_general;inst03_chordal_n60_k8_d065_s1003;experiments\20260618_124336_best_configs\instances\inst03_chordal_n60_k8_d065_s1003.txt;chordal;60;8;148;0.65;1003;1042;50000;212;2423;0;0;1981.95;6007.976695;generation
0014_ea_general_inst03_chordal_n60_k8_d065_s1003_s1042;ea_general;inst03_chordal_n60_k8_d065_s1003;experiments\20260618_124336_best_configs\instances\inst03_chordal_n60_k8_d065_s1003.txt;chordal;60;8;148;0.65;1003;1042;50000;213;2434;0;0;2749.24;6747.728227;generation
0014_ea_general_inst03_chordal_n60_k8_d065_s1003_s1042;ea_general;inst03_chordal_n60_k8_d065_s1003;experiments\20260618_124336_best_configs\instances\inst03_chordal_n60_k8_d065_s1003.txt;chordal;60;8;148;0.65;1003;1042;50000;214;2446;0;0;2620.63;6168.84858;generation
0014_ea_general_inst03_chordal_n60_k8_d065_s1003_s1042;ea_general;inst03_chordal_n60_k8_d065_s1003;experiments\20260618_124336_best_configs\instances\inst03_chordal_n60_k8_d065_s1003.txt;chordal;60;8;148;0.65;1003;1042;50000;215;2453;0;0;2813.655;6150.278552;generation
0014_ea_general_inst03_chordal_n60_k8_d065_s1003_s1042;ea_general;inst03_chordal_n60_k8_d065_s1003;experiments\20260618_124336_best_configs\instances\inst03_chordal_n60_k8_d065_s1003.txt;chordal;60;8;148;0.65;1003;1042;50000;216;2459;0;0;3004.885;7449.537049;generation
0014_ea_general_inst03_chordal_n60_k8_d065_s1003_s1042;ea_general;inst03_chordal_n60_k8_d065_s1003;experiments\20260618_124336_best_configs\instances\inst03_chordal_n60_k8_d065_s1003.txt;chordal;60;8;148;0.65;1003;1042;50000;217;2467;0;0;2685.875;7624.163146;generation
0014_ea_general_inst03_chordal_n60_k8_d065_s1003_s1042;ea_general;inst03_chordal_n60_k8_d065_s1003;experiments\20260618_124336_best_configs\instances\inst03_chordal_n60_k8_d065_s1003.txt;chordal;60;8;148;0.65;1003;1042;50000;218;2475;0;0;3323.265;7143.55787;generation
0014_ea_general_inst03_chordal_n60_k8_d065_s1003_s1042;ea_general;inst03_chordal_n60_k8_d065_s1003;experiments\20260618_124336_best_configs\instances\inst03_chordal_n60_k8_d065_s1003.txt;chordal;60;8;148;0.65;1003;1042;50000;219;2485;0;0;3452.74;7743.030612;generation
0014_ea_general_inst03_chordal_n60_k8_d065_s1003_s1042;ea_general;inst03_chordal_n60_k8_d065_s1003;experiments\20260618_124336_best_configs\instances\inst03_chordal_n60_k8_d065_s1003.txt;chordal;60;8;148;0.65;1003;1042;50000;220;2492;0;0;2557.48;6260.872478;generation
0014_ea_general_inst03_chordal_n60_k8_d065_s1003_s1042;ea_general;inst03_chordal_n60_k8_d065_s1003;experiments\20260618_124336_best_configs\instances\inst03_chordal_n60_k8_d065_s1003.txt;chordal;60;8;148;0.65;1003;1042;50000;221;2499;0;0;3070.065;8207.775701;generation
0014_ea_general_inst03_chordal_n60_k8_d065_s1003_s1042;ea_general;inst03_chordal_n60_k8_d065_s1003;experiments\20260618_124336_best_configs\instances\inst03_chordal_n60_k8_d065_s1003.txt;chordal;60;8;148;0.65;1003;1042;50000;222;2506;0;0;3133.225;7396.53726;generation
0014_ea_general_inst03_chordal_n60_k8_d065_s1003_s1042;ea_general;inst03_chordal_n60_k8_d065_s1003;experiments\20260618_124336_best_configs\instances\inst03_chordal_n60_k8_d065_s1003.txt;chordal;60;8;148;0.65;1003;1042;50000;223;2515;0;0;2942.56;6847.050433;generation
0014_ea_general_inst03_chordal_n60_k8_d065_s1003_s1042;ea_general;inst03_chordal_n60_k8_d065_s1003;experiments\20260618_124336_best_configs\instances\inst03_chordal_n60_k8_d065_s1003.txt;chordal;60;8;148;0.65;1003;1042;50000;224;2521;0;0;3132.115;6453.404705;generation
0014_ea_general_inst03_chordal_n60_k8_d065_s1003_s1042;ea_general;inst03_chordal_n60_k8_d065_s1003;experiments\20260618_124336_best_configs\instances\inst03_chordal_n60_k8_d065_s1003.txt;chordal;60;8;148;0.65;1003;1042;50000;225;2529;0;0;2622.31;6553.623289;generation
0014_ea_general_inst03_chordal_n60_k8_d065_s1003_s1042;ea_general;inst03_chordal_n60_k8_d065_s1003;experiments\20260618_124336_best_configs\instances\inst03_chordal_n60_k8_d065_s1003.txt;chordal;60;8;148;0.65;1003;1042;50000;226;2536;0;0;3580.815;7684.863041;generation
0014_ea_general_inst03_chordal_n60_k8_d065_s1003_s1042;ea_general;inst03_chordal_n60_k8_d065_s1003;experiments\20260618_124336_best_configs\instances\inst03_chordal_n60_k8_d065_s1003.txt;chordal;60;8;148;0.65;1003;1042;50000;227;2542;0;0;2048.26;5336.280113;generation
0014_ea_general_inst03_chordal_n60_k8_d065_s1003_s1042;ea_general;inst03_chordal_n60_k8_d065_s1003;experiments\20260618_124336_best_configs\instances\inst03_chordal_n60_k8_d065_s1003.txt;chordal;60;8;148;0.65;1003;1042;50000;228;2549;0;0;2749.19;6244.834993;generation
0014_ea_general_inst03_chordal_n60_k8_d065_s1003_s1042;ea_general;inst03_chordal_n60_k8_d065_s1003;experiments\20260618_124336_best_configs\instances\inst03_chordal_n60_k8_d065_s1003.txt;chordal;60;8;148;0.65;1003;1042;50000;229;2556;0;0;2686.545;6589.718161;generation
0014_ea_general_inst03_chordal_n60_k8_d065_s1003_s1042;ea_general;inst03_chordal_n60_k8_d065_s1003;experiments\20260618_124336_best_configs\instances\inst03_chordal_n60_k8_d065_s1003.txt;chordal;60;8;148;0.65;1003;1042;50000;230;2563;0;0;2814.175;7018.20323;generation
0014_ea_general_inst03_chordal_n60_k8_d065_s1003_s1042;ea_general;inst03_chordal_n60_k8_d065_s1003;experiments\20260618_124336_best_configs\instances\inst03_chordal_n60_k8_d065_s1003.txt;chordal;60;8;148;0.65;1003;1042;50000;231;2571;0;0;3261.07;6761.990977;generation
0014_ea_general_inst03_chordal_n60_k8_d065_s1003_s1042;ea_general;inst03_chordal_n60_k8_d065_s1003;experiments\20260618_124336_best_configs\instances\inst03_chordal_n60_k8_d065_s1003.txt;chordal;60;8;148;0.65;1003;1042;50000;232;2577;0;0;4282.435;8600.082656;generation
0014_ea_general_inst03_chordal_n60_k8_d065_s1003_s1042;ea_general;inst03_chordal_n60_k8_d065_s1003;experiments\20260618_124336_best_configs\instances\inst03_chordal_n60_k8_d065_s1003.txt;chordal;60;8;148;0.65;1003;1042;50000;233;2588;0;0;2813.135;6015.97626;generation
0014_ea_general_inst03_chordal_n60_k8_d065_s1003_s1042;ea_general;inst03_chordal_n60_k8_d065_s1003;experiments\20260618_124336_best_configs\instances\inst03_chordal_n60_k8_d065_s1003.txt;chordal;60;8;148;0.65;1003;1042;50000;234;2598;0;0;2749.595;6501.427992;generation
0014_ea_general_inst03_chordal_n60_k8_d065_s1003_s1042;ea_general;inst03_chordal_n60_k8_d065_s1003;experiments\20260618_124336_best_configs\instances\inst03_chordal_n60_k8_d065_s1003.txt;chordal;60;8;148;0.65;1003;1042;50000;235;2606;0;0;2557.075;6129.192268;generation
0014_ea_general_inst03_chordal_n60_k8_d065_s1003_s1042;ea_general;inst03_chordal_n60_k8_d065_s1003;experiments\20260618_124336_best_configs\instances\inst03_chordal_n60_k8_d065_s1003.txt;chordal;60;8;148;0.65;1003;1042;50000;236;2615;0;0;2686.3;6833.067113;generation
0014_ea_general_inst03_chordal_n60_k8_d065_s1003_s1042;ea_general;inst03_chordal_n60_k8_d065_s1003;experiments\20260618_124336_best_configs\instances\inst03_chordal_n60_k8_d065_s1003.txt;chordal;60;8;148;0.65;1003;1042;50000;237;2622;0;0;2621.71;5615.243346;generation
0014_ea_general_inst03_chordal_n60_k8_d065_s1003_s1042;ea_general;inst03_chordal_n60_k8_d065_s1003;experiments\20260618_124336_best_configs\instances\inst03_chordal_n60_k8_d065_s1003.txt;chordal;60;8;148;0.65;1003;1042;50000;238;2630;0;0;1920.235;5385.170951;generation
0014_ea_general_inst03_chordal_n60_k8_d065_s1003_s1042;ea_general;inst03_chordal_n60_k8_d065_s1003;experiments\20260618_124336_best_configs\instances\inst03_chordal_n60_k8_d065_s1003.txt;chordal;60;8;148;0.65;1003;1042;50000;239;2638;0;0;2686.09;6465.75846;generation
0014_ea_general_inst03_chordal_n60_k8_d065_s1003_s1042;ea_general;inst03_chordal_n60_k8_d065_s1003;experiments\20260618_124336_best_configs\instances\inst03_chordal_n60_k8_d065_s1003.txt;chordal;60;8;148;0.65;1003;1042;50000;240;2644;0;0;2556.49;5856.863925;generation
0014_ea_general_inst03_chordal_n60_k8_d065_s1003_s1042;ea_general;inst03_chordal_n60_k8_d065_s1003;experiments\20260618_124336_best_configs\instances\inst03_chordal_n60_k8_d065_s1003.txt;chordal;60;8;148;0.65;1003;1042;50000;241;2651;0;0;3515.91;7769.030814;generation
0014_ea_general_inst03_chordal_n60_k8_d065_s1003_s1042;ea_general;inst03_chordal_n60_k8_d065_s1003;experiments\20260618_124336_best_configs\instances\inst03_chordal_n60_k8_d065_s1003.txt;chordal;60;8;148;0.65;1003;1042;50000;242;2657;0;0;2879.015;7165.098672;generation
0014_ea_general_inst03_chordal_n60_k8_d065_s1003_s1042;ea_general;inst03_chordal_n60_k8_d065_s1003;experiments\20260618_124336_best_configs\instances\inst03_chordal_n60_k8_d065_s1003.txt;chordal;60;8;148;0.65;1003;1042;50000;243;2665;0;0;3069.96;7142.633698;generation
0014_ea_general_inst03_chordal_n60_k8_d065_s1003_s1042;ea_general;inst03_chordal_n60_k8_d065_s1003;experiments\20260618_124336_best_configs\instances\inst03_chordal_n60_k8_d065_s1003.txt;chordal;60;8;148;0.65;1003;1042;50000;244;2671;0;0;3132.025;7396.978506;generation
0014_ea_general_inst03_chordal_n60_k8_d065_s1003_s1042;ea_general;inst03_chordal_n60_k8_d065_s1003;experiments\20260618_124336_best_configs\instances\inst03_chordal_n60_k8_d065_s1003.txt;chordal;60;8;148;0.65;1003;1042;50000;245;2677;0;0;2750.185;5977.082712;generation
0014_ea_general_inst03_chordal_n60_k8_d065_s1003_s1042;ea_general;inst03_chordal_n60_k8_d065_s1003;experiments\20260618_124336_best_configs\instances\inst03_chordal_n60_k8_d065_s1003.txt;chordal;60;8;148;0.65;1003;1042;50000;246;2684;0;0;3070.685;6419.944207;generation
0014_ea_general_inst03_chordal_n60_k8_d065_s1003_s1042;ea_general;inst03_chordal_n60_k8_d065_s1003;experiments\20260618_124336_best_configs\instances\inst03_chordal_n60_k8_d065_s1003.txt;chordal;60;8;148;0.65;1003;1042;50000;247;2691;0;0;2941.915;6479.598906;generation
0014_ea_general_inst03_chordal_n60_k8_d065_s1003_s1042;ea_general;inst03_chordal_n60_k8_d065_s1003;experiments\20260618_124336_best_configs\instances\inst03_chordal_n60_k8_d065_s1003.txt;chordal;60;8;148;0.65;1003;1042;50000;248;2698;0;0;3453.52;7528.853777;generation
0014_ea_general_inst03_chordal_n60_k8_d065_s1003_s1042;ea_general;inst03_chordal_n60_k8_d065_s1003;experiments\20260618_124336_best_configs\instances\inst03_chordal_n60_k8_d065_s1003.txt;chordal;60;8;148;0.65;1003;1042;50000;249;2704;0;0;2430.985;5770.230651;generation
0014_ea_general_inst03_chordal_n60_k8_d065_s1003_s1042;ea_general;inst03_chordal_n60_k8_d065_s1003;experiments\20260618_124336_best_configs\instances\inst03_chordal_n60_k8_d065_s1003.txt;chordal;60;8;148;0.65;1003;1042;50000;250;2710;0;0;3389.88;7282.446977;generation
0014_ea_general_inst03_chordal_n60_k8_d065_s1003_s1042;ea_general;inst03_chordal_n60_k8_d065_s1003;experiments\20260618_124336_best_configs\instances\inst03_chordal_n60_k8_d065_s1003.txt;chordal;60;8;148;0.65;1003;1042;50000;251;2718;0;0;3132.885;7721.842066;generation
0014_ea_general_inst03_chordal_n60_k8_d065_s1003_s1042;ea_general;inst03_chordal_n60_k8_d065_s1003;experiments\20260618_124336_best_configs\instances\inst03_chordal_n60_k8_d065_s1003.txt;chordal;60;8;148;0.65;1003;1042;50000;252;2724;0;0;1662.215;5000.727998;generation
